{
  "Animation": {
    "neuron": 1249,
    "diff": 0.020534038543701172,
    "genre_avg": 0.08744694292545319,
    "other_avg": 0.06691290438175201,
    "count": 4544
  },
  "Comedy": {
    "neuron": 1,
    "diff": 0.01908721774816513,
    "genre_avg": 0.10679881274700165,
    "other_avg": 0.08771159499883652,
    "count": 22132
  },
  "Drama": {
    "neuron": 32,
    "diff": 0.056215181946754456,
    "genre_avg": 0.17951752245426178,
    "other_avg": 0.12330234050750732,
    "count": 32611
  },
  "Action": {
    "neuron": 1,
    "diff": 0.012423217296600342,
    "genre_avg": 0.10383755713701248,
    "other_avg": 0.09141433984041214,
    "count": 9195
  },
  "Horror": {
    "neuron": 1098,
    "diff": 0.020940393209457397,
    "genre_avg": 0.07106359302997589,
    "other_avg": 0.050123199820518494,
    "count": 8376
  },
  "Sci-Fi": {
    "neuron": 1,
    "diff": 0.01009099930524826,
    "genre_avg": 0.1023033857345581,
    "other_avg": 0.09221238642930984,
    "count": 4737
  },
  "Fantasy": {
    "neuron": 1,
    "diff": 0.016523458063602448,
    "genre_avg": 0.10856573283672333,
    "other_avg": 0.09204227477312088,
    "count": 3750
  },
  "Romance": {
    "neuron": 1,
    "diff": 0.017905496060848236,
    "genre_avg": 0.10857585072517395,
    "other_avg": 0.09067035466432571,
    "count": 9838
  },
  "Thriller": {
    "neuron": 17,
    "diff": 0.008321493864059448,
    "genre_avg": 0.06448023021221161,
    "other_avg": 0.05615873634815216,
    "count": 11413
  },
  "Documentary": {
    "neuron": 910,
    "diff": 0.02316516637802124,
    "genre_avg": 0.08418679237365723,
    "other_avg": 0.061021625995635986,
    "count": 8961
  },
  "Children": {
    "neuron": 1,
    "diff": 0.023560889065265656,
    "genre_avg": 0.11513280868530273,
    "other_avg": 0.09157191962003708,
    "count": 4292
  },
  "War": {
    "neuron": 32,
    "diff": 0.03494803607463837,
    "genre_avg": 0.17935076355934143,
    "other_avg": 0.14440272748470306,
    "count": 2199
  },
  "Western": {
    "neuron": 1206,
    "diff": 0.017966166138648987,
    "genre_avg": 0.08842042833566666,
    "other_avg": 0.07045426219701767,
    "count": 1481
  },
  "Musical": {
    "neuron": 1,
    "diff": 0.024569734930992126,
    "genre_avg": 0.11705198138952255,
    "other_avg": 0.09248224645853043,
    "count": 1031
  }
}