{
    "job_cfg": {
        "dataset": "ml-32m-filtered",
        "pretrained_model_checkpoint": "ELSA-512-c2005bb7.ckpt",
        "model_module": "sae",
        "model_class": "TopKSAE",
        "embedding_dim": 2048,
        "reconstruction_loss": "Cosine",
        "l1_coef": 0.0003,
        "k": 64,
        "epochs": 250,
        "early_stopping": 50,
        "batch_size": 1024,
        "lr": 0.0003,
        "beta1": 0.9,
        "beta2": 0.99,
        "seed": 42
    },
    "results": {
        "val": {
            "cosine": {
                "mean": 0.8876913785934448,
                "se": 0.001311058920841391
            },
            "l0": {
                "mean": 64.0,
                "se": 0.0
            },
            "dead neurons": 0,
            "recall": {
                "mean": 0.35408687591552734,
                "se": 0.002536233329747045
            },
            "recall degradation": {
                "mean": -0.011251022107899189,
                "se": 0.0008715576350998423
            },
            "ndcg": {
                "mean": 0.35933923721313477,
                "se": 0.002636145595436296
            },
            "ndcg degradation": {
                "mean": -0.01101908553391695,
                "se": 0.0007012486087354413
            }
        }
    }
}