{
    "job_cfg": {
        "dataset": "ml-32m-filtered",
        "pretrained_model_checkpoint": "ELSA-512-c2005bb7.ckpt",
        "model_module": "sae",
        "model_class": "TopKSAE",
        "embedding_dim": 1024,
        "reconstruction_loss": "Cosine",
        "l1_coef": 0.0003,
        "k": 32,
        "epochs": 250,
        "early_stopping": 50,
        "batch_size": 1024,
        "lr": 0.0003,
        "beta1": 0.9,
        "beta2": 0.99,
        "seed": 42
    },
    "results": {
        "val": {
            "cosine": {
                "mean": 0.8665282130241394,
                "se": 0.001361636033106864
            },
            "l0": {
                "mean": 32.0,
                "se": 0.0
            },
            "dead neurons": 0,
            "recall": {
                "mean": 0.35203811526298523,
                "se": 0.0025338175787328132
            },
            "recall degradation": {
                "mean": -0.014641868881881237,
                "se": 0.0009720832114596607
            },
            "ndcg": {
                "mean": 0.3579287528991699,
                "se": 0.002598248714421376
            },
            "ndcg degradation": {
                "mean": -0.01530865766108036,
                "se": 0.0007622546059886156
            }
        }
    }
}