{
    "job_cfg": {
        "dataset": "ml-32m-filtered",
        "pretrained_model_checkpoint": "ELSA-2048-76e4370a.ckpt",
        "model_module": "sae",
        "model_class": "TopKSAE",
        "embedding_dim": 8192,
        "reconstruction_loss": "Cosine",
        "l1_coef": 0.0003,
        "k": 16,
        "epochs": 250,
        "early_stopping": 50,
        "batch_size": 1024,
        "lr": 0.0003,
        "beta1": 0.9,
        "beta2": 0.99,
        "seed": 42
    },
    "results": {
        "val": {
            "cosine": {
                "mean": 0.7390931844711304,
                "se": 0.0017405792807551317
            },
            "l0": {
                "mean": 16.0,
                "se": 0.0
            },
            "dead neurons": 796,
            "recall": {
                "mean": 0.3298371136188507,
                "se": 0.0024937863235657983
            },
            "recall degradation": {
                "mean": -0.04395930841565132,
                "se": 0.001371299699895297
            },
            "ndcg": {
                "mean": 0.33657658100128174,
                "se": 0.002542319855895459
            },
            "ndcg degradation": {
                "mean": -0.04665349796414375,
                "se": 0.0011970319888954487
            }
        }
    }
}