{
    "job_cfg": {
        "dataset": "ml-32m-filtered",
        "pretrained_model_checkpoint": "ELSA-1024-7f035e3d.ckpt",
        "model_module": "sae",
        "model_class": "TopKSAE",
        "embedding_dim": 8192,
        "reconstruction_loss": "Cosine",
        "l1_coef": 0.0003,
        "k": 8,
        "epochs": 250,
        "early_stopping": 50,
        "batch_size": 1024,
        "lr": 0.0003,
        "beta1": 0.9,
        "beta2": 0.99,
        "seed": 42
    },
    "results": {
        "val": {
            "cosine": {
                "mean": 0.7373613119125366,
                "se": 0.0015808080640351914
            },
            "l0": {
                "mean": 8.0,
                "se": 0.0
            },
            "dead neurons": 642,
            "recall": {
                "mean": 0.3190295100212097,
                "se": 0.002484922573704754
            },
            "recall degradation": {
                "mean": -0.05449948087334633,
                "se": 0.0014418929131239243
            },
            "ndcg": {
                "mean": 0.3248489499092102,
                "se": 0.0025341623884676395
            },
            "ndcg degradation": {
                "mean": -0.05678743124008179,
                "se": 0.0012769810774660726
            }
        }
    }
}