{
    "job_cfg": {
        "dataset": "ml-32m-filtered",
        "pretrained_model_checkpoint": "ELSA-4096-70be7207.ckpt",
        "model_module": "sae",
        "model_class": "TopKSAE",
        "embedding_dim": 8192,
        "reconstruction_loss": "Cosine",
        "l1_coef": 0.0003,
        "k": 16,
        "epochs": 250,
        "early_stopping": 50,
        "batch_size": 1024,
        "lr": 0.0003,
        "beta1": 0.9,
        "beta2": 0.99,
        "seed": 42
    },
    "results": {
        "val": {
            "cosine": {
                "mean": 0.7152137160301208,
                "se": 0.0017954466327607644
            },
            "l0": {
                "mean": 15.999515533447266,
                "se": 0.00036101131892565054
            },
            "dead neurons": 1956,
            "recall": {
                "mean": 0.32169094681739807,
                "se": 0.002506857661080648
            },
            "recall degradation": {
                "mean": -0.049486156553030014,
                "se": 0.0014084968311161197
            },
            "ndcg": {
                "mean": 0.32784560322761536,
                "se": 0.0025599129157978188
            },
            "ndcg degradation": {
                "mean": -0.05183149129152298,
                "se": 0.0012423098053653582
            }
        }
    }
}