{
    "job_cfg": {
        "dataset": "ml-32m-filtered",
        "pretrained_model_checkpoint": "ELSA-512-c2005bb7.ckpt",
        "model_module": "sae",
        "model_class": "TopKSAE",
        "embedding_dim": 2048,
        "reconstruction_loss": "Cosine",
        "l1_coef": 0.0003,
        "k": 8,
        "epochs": 250,
        "early_stopping": 50,
        "batch_size": 1024,
        "lr": 0.0003,
        "beta1": 0.9,
        "beta2": 0.99,
        "seed": 42
    },
    "results": {
        "val": {
            "cosine": {
                "mean": 0.7957806587219238,
                "se": 0.0014579579982019115
            },
            "l0": {
                "mean": 8.0,
                "se": 0.0
            },
            "dead neurons": 85,
            "recall": {
                "mean": 0.32367849349975586,
                "se": 0.002450339539570228
            },
            "recall degradation": {
                "mean": -0.04165942966938019,
                "se": 0.00132379529491807
            },
            "ndcg": {
                "mean": 0.32824698090553284,
                "se": 0.0025372058408937056
            },
            "ndcg degradation": {
                "mean": -0.04211137816309929,
                "se": 0.0011396381150382015
            }
        }
    }
}