{
    "job_cfg": {
        "dataset": "ml-32m-filtered",
        "pretrained_model_checkpoint": "ELSA-1024-7f035e3d.ckpt",
        "model_module": "sae",
        "model_class": "TopKSAE",
        "embedding_dim": 8192,
        "reconstruction_loss": "Cosine",
        "l1_coef": 0.0003,
        "k": 16,
        "epochs": 250,
        "early_stopping": 50,
        "batch_size": 1024,
        "lr": 0.0003,
        "beta1": 0.9,
        "beta2": 0.99,
        "seed": 42
    },
    "results": {
        "val": {
            "cosine": {
                "mean": 0.7782279849052429,
                "se": 0.0016029282428530363
            },
            "l0": {
                "mean": 16.0,
                "se": 0.0
            },
            "dead neurons": 379,
            "recall": {
                "mean": 0.33592262864112854,
                "se": 0.0024704439731755004
            },
            "recall degradation": {
                "mean": -0.03555813431739807,
                "se": 0.0012846176379304063
            },
            "ndcg": {
                "mean": 0.34052783250808716,
                "se": 0.0025364336640136273
            },
            "ndcg degradation": {
                "mean": -0.039049990475177765,
                "se": 0.0011158668826877815
            }
        }
    }
}