{
    "job_cfg": {
        "dataset": "ml-32m-filtered",
        "pretrained_model_checkpoint": "ELSA-512-c2005bb7.ckpt",
        "model_module": "sae",
        "model_class": "TopKSAE",
        "embedding_dim": 2048,
        "reconstruction_loss": "Cosine",
        "l1_coef": 0.0003,
        "k": 32,
        "epochs": 250,
        "early_stopping": 50,
        "batch_size": 1024,
        "lr": 0.0003,
        "beta1": 0.9,
        "beta2": 0.99,
        "seed": 42
    },
    "results": {
        "val": {
            "cosine": {
                "mean": 0.8656003475189209,
                "se": 0.0013655897945939832
            },
            "l0": {
                "mean": 32.0,
                "se": 0.0
            },
            "dead neurons": 0,
            "recall": {
                "mean": 0.3508937358856201,
                "se": 0.0025527247405350605
            },
            "recall degradation": {
                "mean": -0.01557023823261261,
                "se": 0.0009827400287473604
            },
            "ndcg": {
                "mean": 0.35736900568008423,
                "se": 0.0026276228682729024
            },
            "ndcg degradation": {
                "mean": -0.015461847186088562,
                "se": 0.0007791647684123088
            }
        }
    }
}