{
    "job_cfg": {
        "dataset": "ml-32m-filtered",
        "pretrained_model_checkpoint": "ELSA-2048-76e4370a.ckpt",
        "model_module": "sae",
        "model_class": "TopKSAE",
        "embedding_dim": 16384,
        "reconstruction_loss": "Cosine",
        "l1_coef": 0.0003,
        "k": 8,
        "epochs": 250,
        "early_stopping": 50,
        "batch_size": 1024,
        "lr": 0.0003,
        "beta1": 0.9,
        "beta2": 0.99,
        "seed": 42
    },
    "results": {
        "val": {
            "cosine": {
                "mean": 0.6983208060264587,
                "se": 0.0016486536871170865
            },
            "l0": {
                "mean": 8.0,
                "se": 0.0
            },
            "dead neurons": 1660,
            "recall": {
                "mean": 0.31677553057670593,
                "se": 0.0024610047830156434
            },
            "recall degradation": {
                "mean": -0.05702091008424759,
                "se": 0.0014881386962958838
            },
            "ndcg": {
                "mean": 0.324026882648468,
                "se": 0.0025169459494123803
            },
            "ndcg degradation": {
                "mean": -0.059203196316957474,
                "se": 0.0013212751163537248
            }
        }
    }
}