{
    "job_cfg": {
        "dataset": "ml-32m-filtered",
        "pretrained_model_checkpoint": "ELSA-512-c2005bb7.ckpt",
        "model_module": "sae",
        "model_class": "TopKSAE",
        "embedding_dim": 1024,
        "reconstruction_loss": "Cosine",
        "l1_coef": 0.0003,
        "k": 16,
        "epochs": 250,
        "early_stopping": 50,
        "batch_size": 1024,
        "lr": 0.0003,
        "beta1": 0.9,
        "beta2": 0.99,
        "seed": 42
    },
    "results": {
        "val": {
            "cosine": {
                "mean": 0.8356155157089233,
                "se": 0.0014181081421156018
            },
            "l0": {
                "mean": 16.0,
                "se": 0.0
            },
            "dead neurons": 0,
            "recall": {
                "mean": 0.33943256735801697,
                "se": 0.002489600132672035
            },
            "recall degradation": {
                "mean": -0.02590535767376423,
                "se": 0.0010982107686164503
            },
            "ndcg": {
                "mean": 0.34410858154296875,
                "se": 0.0025705247620190596
            },
            "ndcg degradation": {
                "mean": -0.026249751448631287,
                "se": 0.0009110350360799446
            }
        }
    }
}