{
    "job_cfg": {
        "dataset": "ml-32m-filtered",
        "pretrained_model_checkpoint": "ELSA-1024-7f035e3d.ckpt",
        "model_module": "sae",
        "model_class": "TopKSAE",
        "embedding_dim": 2048,
        "reconstruction_loss": "Cosine",
        "l1_coef": 0.0003,
        "k": 8,
        "epochs": 250,
        "early_stopping": 50,
        "batch_size": 1024,
        "lr": 0.0003,
        "beta1": 0.9,
        "beta2": 0.99,
        "seed": 42
    },
    "results": {
        "val": {
            "cosine": {
                "mean": 0.7328375577926636,
                "se": 0.0016839170624801854
            },
            "l0": {
                "mean": 8.0,
                "se": 0.0
            },
            "dead neurons": 150,
            "recall": {
                "mean": 0.3162870407104492,
                "se": 0.002431431999064263
            },
            "recall degradation": {
                "mean": -0.053966984152793884,
                "se": 0.0014711751366480166
            },
            "ndcg": {
                "mean": 0.3220714032649994,
                "se": 0.00252089033798249
            },
            "ndcg degradation": {
                "mean": -0.05618496984243393,
                "se": 0.0012842372300461303
            }
        }
    }
}