{
    "job_cfg": {
        "dataset": "ml-32m-filtered",
        "pretrained_model_checkpoint": "ELSA-2048-76e4370a.ckpt",
        "model_module": "sae",
        "model_class": "TopKSAE",
        "embedding_dim": 16384,
        "reconstruction_loss": "Cosine",
        "l1_coef": 0.0003,
        "k": 64,
        "epochs": 250,
        "early_stopping": 50,
        "batch_size": 1024,
        "lr": 0.0003,
        "beta1": 0.9,
        "beta2": 0.99,
        "seed": 42
    },
    "results": {
        "val": {
            "cosine": {
                "mean": 0.8476626873016357,
                "se": 0.0016285839049019698
            },
            "l0": {
                "mean": 63.17277526855469,
                "se": 0.038587273040156946
            },
            "dead neurons": 516,
            "recall": {
                "mean": 0.35167571902275085,
                "se": 0.002505484670752682
            },
            "recall degradation": {
                "mean": -0.018842438235878944,
                "se": 0.0011222863840798488
            },
            "ndcg": {
                "mean": 0.3611932098865509,
                "se": 0.0025999593191135353
            },
            "ndcg degradation": {
                "mean": -0.020627636462450027,
                "se": 0.0009521993727698596
            }
        }
    }
}