{
    "job_cfg": {
        "dataset": "ml-32m-filtered",
        "pretrained_model_checkpoint": "ELSA-4096-70be7207.ckpt",
        "model_module": "sae",
        "model_class": "TopKSAE",
        "embedding_dim": 8192,
        "reconstruction_loss": "Cosine",
        "l1_coef": 0.0003,
        "k": 64,
        "epochs": 250,
        "early_stopping": 50,
        "batch_size": 1024,
        "lr": 0.0003,
        "beta1": 0.9,
        "beta2": 0.99,
        "seed": 42
    },
    "results": {
        "val": {
            "cosine": {
                "mean": 0.8222876787185669,
                "se": 0.001813340004711139
            },
            "l0": {
                "mean": 58.71806716918945,
                "se": 0.11761169286216558
            },
            "dead neurons": 337,
            "recall": {
                "mean": 0.34656694531440735,
                "se": 0.002502064976183233
            },
            "recall degradation": {
                "mean": -0.02785969153046608,
                "se": 0.0011916848817555448
            },
            "ndcg": {
                "mean": 0.3539724349975586,
                "se": 0.0025800929007947413
            },
            "ndcg degradation": {
                "mean": -0.029432659968733788,
                "se": 0.001065789091273894
            }
        }
    }
}