{
    "job_cfg": {
        "dataset": "ml-32m-filtered",
        "pretrained_model_checkpoint": "ELSA-512-c2005bb7.ckpt",
        "model_module": "sae",
        "model_class": "TopKSAE",
        "embedding_dim": 1024,
        "reconstruction_loss": "Cosine",
        "l1_coef": 0.0003,
        "k": 8,
        "epochs": 250,
        "early_stopping": 50,
        "batch_size": 1024,
        "lr": 0.0003,
        "beta1": 0.9,
        "beta2": 0.99,
        "seed": 42
    },
    "results": {
        "val": {
            "cosine": {
                "mean": 0.7963056564331055,
                "se": 0.0014640432935632435
            },
            "l0": {
                "mean": 8.0,
                "se": 0.0
            },
            "dead neurons": 14,
            "recall": {
                "mean": 0.31967705488204956,
                "se": 0.0024618059307301137
            },
            "recall degradation": {
                "mean": -0.04566088691353798,
                "se": 0.0013104609476713843
            },
            "ndcg": {
                "mean": 0.32594752311706543,
                "se": 0.00254791899035939
            },
            "ndcg degradation": {
                "mean": -0.0444108285009861,
                "se": 0.0011298757959313478
            }
        }
    }
}