{
    "job_cfg": {
        "dataset": "ml-32m-filtered",
        "pretrained_model_checkpoint": "ELSA-512-c2005bb7.ckpt",
        "model_module": "sae",
        "model_class": "TopKSAE",
        "embedding_dim": 4096,
        "reconstruction_loss": "Cosine",
        "l1_coef": 0.0003,
        "k": 8,
        "epochs": 250,
        "early_stopping": 50,
        "batch_size": 1024,
        "lr": 0.0003,
        "beta1": 0.9,
        "beta2": 0.99,
        "seed": 42
    },
    "results": {
        "val": {
            "cosine": {
                "mean": 0.7950958013534546,
                "se": 0.0014329381796947393
            },
            "l0": {
                "mean": 8.0,
                "se": 0.0
            },
            "dead neurons": 237,
            "recall": {
                "mean": 0.32049861550331116,
                "se": 0.002470691266703058
            },
            "recall degradation": {
                "mean": -0.04483931511640549,
                "se": 0.001339057054735211
            },
            "ndcg": {
                "mean": 0.3244071304798126,
                "se": 0.0025487250612221887
            },
            "ndcg degradation": {
                "mean": -0.04595121368765831,
                "se": 0.0011577387325980035
            }
        }
    }
}