{
    "job_cfg": {
        "dataset": "ml-32m-filtered",
        "pretrained_model_checkpoint": "ELSA-1024-7f035e3d.ckpt",
        "model_module": "sae",
        "model_class": "TopKSAE",
        "embedding_dim": 4096,
        "reconstruction_loss": "Cosine",
        "l1_coef": 0.0003,
        "k": 16,
        "epochs": 250,
        "early_stopping": 50,
        "batch_size": 1024,
        "lr": 0.0003,
        "beta1": 0.9,
        "beta2": 0.99,
        "seed": 42
    },
    "results": {
        "val": {
            "cosine": {
                "mean": 0.7760606408119202,
                "se": 0.001672582460214006
            },
            "l0": {
                "mean": 16.0,
                "se": 0.0
            },
            "dead neurons": 114,
            "recall": {
                "mean": 0.33223167061805725,
                "se": 0.002489271796548922
            },
            "recall degradation": {
                "mean": -0.03884755074977875,
                "se": 0.001309761955284722
            },
            "ndcg": {
                "mean": 0.33774515986442566,
                "se": 0.002537778062210919
            },
            "ndcg degradation": {
                "mean": -0.04120079427957535,
                "se": 0.001128898361636359
            }
        }
    }
}