{
    "job_cfg": {
        "dataset": "ml-32m-filtered",
        "pretrained_model_checkpoint": "ELSA-1024-66e73686.ckpt",
        "model_module": "sae",
        "model_class": "TopKSAE",
        "embedding_dim": 4096,
        "reconstruction_loss": "Cosine",
        "l1_coef": 0.0003,
        "k": 32,
        "epochs": 120,
        "early_stopping": 20,
        "batch_size": 1024,
        "lr": 0.0003,
        "beta1": 0.9,
        "beta2": 0.99,
        "seed": 42
    },
    "results": {
        "val": {
            "cosine": {
                "mean": 0.826736569404602,
                "se": 0.0016124668427387493
            },
            "l0": {
                "mean": 31.99983787536621,
                "se": 0.0001614595844031851
            },
            "dead neurons": 28,
            "recall": {
                "mean": 0.34395262598991394,
                "se": 0.002518481592987033
            },
            "recall degradation": {
                "mean": -0.018930209800601006,
                "se": 0.0010763783099480115
            },
            "ndcg": {
                "mean": 0.35040712356567383,
                "se": 0.002602480349761245
            },
            "ndcg degradation": {
                "mean": -0.019302085041999817,
                "se": 0.0008761879507783591
            }
        }
    }
}