{
    "job_cfg": {
        "dataset": "ml-32m-filtered",
        "pretrained_model_checkpoint": "ELSA-4096-70be7207.ckpt",
        "model_module": "sae",
        "model_class": "TopKSAE",
        "embedding_dim": 16384,
        "reconstruction_loss": "Cosine",
        "l1_coef": 0.0003,
        "k": 8,
        "epochs": 250,
        "early_stopping": 50,
        "batch_size": 1024,
        "lr": 0.0003,
        "beta1": 0.9,
        "beta2": 0.99,
        "seed": 42
    },
    "results": {
        "val": {
            "cosine": {
                "mean": 0.6703502535820007,
                "se": 0.0017426896072211618
            },
            "l0": {
                "mean": 7.999515533447266,
                "se": 0.00036101131892565054
            },
            "dead neurons": 3366,
            "recall": {
                "mean": 0.3098413050174713,
                "se": 0.0024107644330309988
            },
            "recall degradation": {
                "mean": -0.06146584078669548,
                "se": 0.0015022422854688367
            },
            "ndcg": {
                "mean": 0.3166467547416687,
                "se": 0.0024856377556753415
            },
            "ndcg degradation": {
                "mean": -0.06494878232479095,
                "se": 0.0013639128945326854
            }
        }
    }
}